pseudo,mdp,question,reponse,Eactu,choix,fin
lina1,12345,0,bla,000,C1O1C2O1
machin1,14789,2,linense,25A,C1O2C2O1C7O1
keiko,keiko,0,keiko,117,C1O3C2O2C3O2
lkjhg,14789,0,lkjjh,010,C1O1
lina2,14789,2,lolo,25A,C1O2C2O1C7O2
,,,,,
trucmuc,trucmuc,2,lolo,062,C1O1

lachose,lachose,2,lolo,000,
lachosine,tructruc,2,lolo,000,
lachosinette,nouvmdp,2,lolo,051,C1O1
bobit,bobit,2,lolo,000,
linana,chose,2,lolo,000,
linanani,blabla,2,lolo,000,
linanano,trucchose,2,lolo,000,
lolol,blabla,2,linense,000,
lolol,blabla,2,linense,000,
lololi,nouvmdp,1,blal,25A,C1O3C2O1C7O2
lololi,nouvmdp,1,blal,000,
lololi,nouvmdp,1,blal,000,
lololi,nouvmdp,1,blal,000,
lololi,nouvmdp,1,blal,000,
lololi,nouvmdp,1,blal,000,
lololi,nouvmdp,1,blal,000,
chaussette,14789,1,chat,14A,C1O2C2O2C3O3
chaussette,14789,1,chat,000,
flavia,14789,0,k,062,C1O3
flavia,14789,0,k,000,
linalol,14789,1,k,42Q,C1O1,Fin2
linalol,14789,1,k,000,
linalol,14789,1,k,000,
nougat,14789,1,mn,084,C2O2,Fin2
machin,machin,1,j,42Q,C1O1CCO2,Fin7
bisounours,bisounours,1,h,42Q,C1O1,Fin7
bisounours,bisounours,1,h,000,
animal,animal,1,h,42Q,C1O1CCO2,Fin7
mayara,14789,0,h,42Q,C1O1CCO2,Fin4
portable,portable,1,g,14A,C1O2C2O2C3O1
portable,portable,1,g,000,
